day,dai_name,dai_num,game,difference,bb,rb,Total,big_per,reg_per
2026-02-08,ゴーゴージャグラー3,553,7098,900,33,16,144.9,215.1,443.6
2026-02-08,ゴーゴージャグラー3,554,3529,-1000,11,6,207.6,320.8,588.2
2026-02-08,ゴーゴージャグラー3,555,5933,800,29,17,129.0,204.6,349.0
2026-02-08,ゴーゴージャグラー3,556,3250,-1100,9,10,171.1,361.1,325.0
2026-02-08,ゴーゴージャグラー3,557,2938,-100,12,6,163.2,244.8,489.7
2026-02-08,ゴーゴージャグラー3,558,7838,1400,35,28,124.4,223.9,279.9
2026-02-08,ゴーゴージャグラー3,559,4806,-800,15,15,160.2,320.4,320.4
2026-02-08,ゴーゴージャグラー3,560,4302,-1900,11,10,204.9,391.1,430.2
2026-02-08,ゴーゴージャグラー3,561,5002,-1500,16,10,192.4,312.6,500.2
2026-02-08,ゴーゴージャグラー3,562,8017,1800,37,32,116.2,216.7,250.5
2026-02-08,ゴーゴージャグラー3,563,7144,0,26,27,134.8,274.8,264.6
2026-02-08,ゴーゴージャグラー3,564,6086,-400,21,22,141.5,289.8,276.6
2026-02-08,ゴーゴージャグラー3,565,4713,-1300,15,13,168.3,314.2,362.5
2026-02-08,ゴーゴージャグラー3,566,5579,1400,26,18,126.8,214.6,309.9
2026-02-08,ゴーゴージャグラー3,567,4574,-900,15,14,157.7,304.9,326.7
2026-02-08,ゴーゴージャグラー3,568,4601,-1000,15,11,177.0,306.7,418.3
2026-02-08,ゴーゴージャグラー3,569,2203,-500,7,7,157.4,314.7,314.7
2026-02-08,ゴーゴージャグラー3,570,5862,1000,30,11,143.0,195.4,532.9
2026-02-08,ゴーゴージャグラー3,571,4915,-200,20,14,144.6,245.8,351.1
2026-02-08,ゴーゴージャグラー3,572,5480,-1400,18,12,182.7,304.4,456.7
2026-02-08,ネオアイムジャグラーEX,637,4539,-1300,13,9,206.3,349.2,504.3
2026-02-08,ネオアイムジャグラーEX,638,6588,-1100,21,15,183.0,313.7,439.2
2026-02-08,ネオアイムジャグラーEX,639,3280,-600,11,6,192.9,298.2,546.7
2026-02-08,ネオアイムジャグラーEX,640,7846,1100,33,22,142.7,237.8,356.6
2026-02-08,ネオアイムジャグラーEX,641,4468,100,19,8,165.5,235.2,558.5
2026-02-08,ネオアイムジャグラーEX,642,3843,-500,13,10,167.1,295.6,384.3
2026-02-08,ネオアイムジャグラーEX,643,5201,-200,20,11,167.8,260.1,472.8
2026-02-08,ネオアイムジャグラーEX,644,5513,0,21,14,157.5,262.5,393.8
2026-02-08,ネオアイムジャグラーEX,645,3591,-1900,5,11,224.4,718.2,326.5
2026-02-08,ネオアイムジャグラーEX,646,7552,-700,23,28,148.1,328.3,269.7
2026-02-08,ネオアイムジャグラーEX,647,7685,1600,36,20,137.2,213.5,384.2
2026-02-08,ネオアイムジャグラーEX,648,6404,-600,21,20,156.2,305.0,320.2
2026-02-08,ネオアイムジャグラーEX,649,2945,-1200,7,4,267.7,420.7,736.2
2026-02-08,ネオアイムジャグラーEX,650,6322,0,23,20,147.0,274.9,316.1
2026-02-08,ネオアイムジャグラーEX,651,2367,-1100,5,5,236.7,473.4,473.4
2026-02-08,ネオアイムジャグラーEX,652,4670,0,19,9,166.8,245.8,518.9
2026-02-08,ネオアイムジャグラーEX,653,7396,-1400,25,16,180.4,295.8,462.2
2026-02-08,マイジャグラーV,621,8281,1500,35,27,133.6,236.6,306.7
2026-02-08,マイジャグラーV,622,4780,-600,16,9,191.2,298.8,531.1
2026-02-08,マイジャグラーV,623,4520,-2200,7,14,215.2,645.7,322.9
2026-02-08,マイジャグラーV,624,4774,1200,22,15,129.0,217.0,318.3
2026-02-08,マイジャグラーV,625,7927,1600,35,27,127.9,226.5,293.6
2026-02-08,マイジャグラーV,626,5487,-400,20,9,189.2,274.4,609.7
2026-02-08,マイジャグラーV,627,3772,-1500,12,6,209.6,314.3,628.7
2026-02-08,マイジャグラーV,628,5567,-200,24,8,174.0,232.0,695.9
2026-02-08,マイジャグラーV,629,5071,-1200,17,9,195.0,298.3,563.4
2026-02-08,マイジャグラーV,630,5318,-1700,14,14,189.9,379.9,379.9
2026-02-08,マイジャグラーV,631,5902,-2000,15,14,203.5,393.5,421.6
2026-02-08,マイジャグラーV,632,6024,-1000,18,20,158.5,334.7,301.2
2026-02-08,マイジャグラーV,633,4265,-600,16,6,193.9,266.6,710.8
2026-02-08,マイジャグラーV,634,4914,-1300,15,12,182.0,327.6,409.5
2026-02-08,マイジャグラーV,635,5426,-1700,16,9,217.0,339.1,602.9
2026-02-08,マイジャグラーV,636,7846,1600,37,16,148.0,212.1,490.4
2026-02-08,かぐや様は告らせたい,417,1855,4300,17,5,84.3,109.1,371.0
2026-02-08,かぐや様は告らせたい,418,3324,-1500,13,6,174.9,255.7,554.0
2026-02-08,かぐや様は告らせたい,419,2194,-2500,3,3,365.7,731.3,731.3
2026-02-08,かぐや様は告らせたい,420,45,0,0,0,0.0,0.0,0.0
2026-02-08,かぐや様は告らせたい,421,1923,-1200,5,3,240.4,384.6,641.0
2026-02-08,かぐや様は告らせたい,422,80,-100,0,0,0.0,0.0,0.0
2026-02-08,かぐや様は告らせたい,423,1731,-1500,4,2,288.5,432.8,865.5
2026-02-08,かぐや様は告らせたい,424,41,0,0,0,0.0,0.0,0.0
2026-02-08,かぐや様は告らせたい,425,37,0,0,0,0.0,0.0,0.0
2026-02-08,かぐや様は告らせたい,426,3801,-1500,16,5,181.0,237.6,760.2
2026-02-08,スマスロ北斗の拳,523,3726,-2300,23,8,120.2,162.0,465.8
2026-02-08,スマスロ北斗の拳,524,6067,1600,76,17,65.2,79.8,356.9
2026-02-08,スマスロ北斗の拳,525,5025,-1300,46,15,82.4,109.2,335.0
2026-02-08,スマスロ北斗の拳,526,4504,-1000,40,11,88.3,112.6,409.5
2026-02-08,スマスロ北斗の拳,527,1802,2300,37,2,46.2,48.7,901.0
2026-02-08,スマスロ北斗の拳,528,0,0,0,0,0.0,0.0,0.0
2026-02-08,スマスロ北斗の拳,529,2878,-2700,9,4,221.4,319.8,719.5
2026-02-08,スマスロ北斗の拳,530,6719,600,72,19,73.8,93.3,353.6
2026-02-08,スマスロ北斗の拳,531,4785,500,49,14,76.0,97.7,341.8
2026-02-08,スマスロ北斗の拳,532,5088,2800,82,17,51.4,62.0,299.3
2026-02-08,モンキーターンV,508,4975,-1700,47,17,77.7,105.9,292.6
2026-02-08,モンキーターンV,509,876,-800,6,4,87.6,146.0,219.0
2026-02-08,モンキーターンV,510,2139,-1600,13,6,112.6,164.5,356.5
2026-02-08,モンキーターンV,511,2902,1300,43,11,53.7,67.5,263.8
2026-02-08,モンキーターンV,512,1564,3900,31,3,46.0,50.5,521.3
2026-02-08,モンキーターンV,513,2470,-1600,12,7,130.0,205.8,352.9
2026-02-08,モンキーターンV,514,2437,-400,19,10,84.0,128.3,243.7
2026-02-08,モンキーターンV,515,2509,0,30,9,64.3,83.6,278.8
2026-02-08,モンキーターンV,516,3682,700,40,12,70.8,92.0,306.8
2026-02-08,モンキーターンV,517,2070,-2200,6,5,188.2,345.0,414.0
2026-02-08,北斗の拳 転生の章2,493,5922,-2900,48,14,95.5,123.4,423.0
2026-02-08,北斗の拳 転生の章2,494,5519,-1900,47,16,87.6,117.4,344.9
2026-02-08,北斗の拳 転生の章2,495,4731,-2500,37,15,91.0,127.9,315.4
2026-02-08,北斗の拳 転生の章2,496,3686,3000,95,12,34.4,38.8,307.2
2026-02-08,北斗の拳 転生の章2,497,3335,-2500,21,7,119.1,158.8,476.4
2026-02-08,北斗の拳 転生の章2,498,5713,5300,93,25,48.4,61.4,228.5
2026-02-08,北斗の拳 転生の章2,499,4559,-1100,42,13,82.9,108.5,350.7
2026-02-08,北斗の拳 転生の章2,500,5852,-3300,46,18,91.4,127.2,325.1
2026-02-08,北斗の拳 転生の章2,501,5329,-3500,33,12,118.4,161.5,444.1
2026-02-08,北斗の拳 転生の章2,502,2760,-1400,20,5,110.4,138.0,552.0
2026-02-08,革命機ヴァルヴレイヴ2,443,6176,2200,76,8,73.5,81.3,772.0
2026-02-08,革命機ヴァルヴレイヴ2,444,2518,100,34,3,68.1,74.1,839.3
2026-02-08,革命機ヴァルヴレイヴ2,445,3511,-200,34,5,90.0,103.3,702.2
2026-02-08,革命機ヴァルヴレイヴ2,446,2404,-2900,3,3,400.7,801.3,801.3
2026-02-08,革命機ヴァルヴレイヴ2,447,1319,-200,15,3,73.3,87.9,439.7
2026-02-08,革命機ヴァルヴレイヴ2,448,5199,-900,38,5,120.9,136.8,1039.8
2026-02-08,革命機ヴァルヴレイヴ2,449,4245,-2900,18,4,193.0,235.8,1061.2
2026-02-08,革命機ヴァルヴレイヴ2,450,3328,100,37,4,81.2,89.9,832.0
2026-02-08,革命機ヴァルヴレイヴ2,451,3405,-1600,30,2,106.4,113.5,1702.5
2026-02-08,革命機ヴァルヴレイヴ2,452,2103,2300,46,4,42.1,45.7,525.8
2026-02-08,ファンキージャグラー2,613,4248,-500,19,3,193.1,223.6,1416.0
2026-02-08,ファンキージャグラー2,614,4674,-500,16,9,187.0,292.1,519.3
2026-02-08,ファンキージャグラー2,615,4133,-500,17,6,179.7,243.1,688.8
2026-02-08,ファンキージャグラー2,616,3578,-1300,9,7,223.6,397.6,511.1
2026-02-08,ファンキージャグラー2,617,4390,-1200,13,7,219.5,337.7,627.1
2026-02-08,ファンキージャグラー2,618,3340,-1300,9,7,208.8,371.1,477.1
2026-02-08,ファンキージャグラー2,619,4602,-800,16,9,184.1,287.6,511.3
2026-02-08,ファンキージャグラー2,620,5221,-200,20,14,153.6,261.1,372.9
2026-02-08,東京喰種,533,3059,6500,36,12,63.7,85.0,254.9
2026-02-08,東京喰種,534,4140,-1200,27,20,88.1,153.3,207.0
2026-02-08,東京喰種,535,3323,300,21,17,87.4,158.2,195.5
2026-02-08,東京喰種,536,5079,-4000,20,16,141.1,253.9,317.4
2026-02-08,東京喰種,537,4326,-3400,16,15,139.5,270.4,288.4
2026-02-08,東京喰種,538,4328,-4700,11,14,173.1,393.5,309.1
2026-02-08,東京喰種,539,4493,-1500,33,16,91.7,136.2,280.8
2026-02-08,東京喰種,540,3131,3100,34,10,71.2,92.1,313.1
2026-02-08,ハッピージャグラーVIII,599,5345,-100,20,13,162.0,267.2,411.2
2026-02-08,ハッピージャグラーVIII,600,5921,500,23,16,151.8,257.4,370.1
2026-02-08,ハッピージャグラーVIII,601,6311,300,26,15,153.9,242.7,420.7
2026-02-08,ハッピージャグラーVIII,602,5795,500,23,17,144.9,252.0,340.9
2026-02-08,ハッピージャグラーVIII,603,5130,-2000,13,10,223.0,394.6,513.0
2026-02-08,ハッピージャグラーVIII,604,5759,-300,23,15,151.6,250.4,383.9
2026-02-08,いざ！番長,583,2720,-1000,18,7,108.8,151.1,388.6
2026-02-08,いざ！番長,584,2874,-200,23,10,87.1,125.0,287.4
2026-02-08,いざ！番長,585,2193,12500,58,19,28.5,37.8,115.4
2026-02-08,いざ！番長,586,551,-200,3,2,110.2,183.7,275.5
2026-02-08,いざ！番長,587,2989,6300,38,17,54.3,78.7,175.8
2026-02-08,スーパーブラックジャック,503,165,-100,2,0,82.5,82.5,0.0
2026-02-08,スーパーブラックジャック,504,1420,0,23,3,54.6,61.7,473.3
2026-02-08,スーパーブラックジャック,505,0,0,0,0,0.0,0.0,0.0
2026-02-08,スーパーブラックジャック,506,498,500,9,1,49.8,55.3,498.0
2026-02-08,スーパーブラックジャック,507,0,0,0,0,0.0,0.0,0.0
2026-02-08,マギアレコード 魔法少女まどか☆マギカ外伝,541,2271,600,9,12,108.1,252.3,189.2
2026-02-08,マギアレコード 魔法少女まどか☆マギカ外伝,542,2033,-700,10,11,96.8,203.3,184.8
2026-02-08,マギアレコード 魔法少女まどか☆マギカ外伝,543,2370,-700,9,10,124.7,263.3,237.0
2026-02-08,マギアレコード 魔法少女まどか☆マギカ外伝,544,3199,0,15,19,94.1,213.3,168.4
2026-02-08,マギアレコード 魔法少女まどか☆マギカ外伝,545,2071,-2000,10,2,172.6,207.1,1035.5
2026-02-08,吉宗,588,3387,-1300,5,4,376.3,677.4,846.8
2026-02-08,吉宗,589,2580,-100,5,2,368.6,516.0,1290.0
2026-02-08,吉宗,590,2101,-300,4,0,525.2,525.2,0.0
2026-02-08,吉宗,591,6076,-3400,7,8,405.1,868.0,759.5
2026-02-08,吉宗,592,1048,-100,2,0,524.0,524.0,0.0
2026-02-08,押忍!番長ZERO,578,4706,-2600,37,7,107.0,127.2,672.3
2026-02-08,押忍!番長ZERO,579,2463,800,40,6,53.5,61.6,410.5
2026-02-08,押忍!番長ZERO,580,4739,-1600,52,10,76.4,91.1,473.9
2026-02-08,押忍!番長ZERO,581,3691,-500,43,6,75.3,85.8,615.2
2026-02-08,押忍!番長ZERO,582,3136,2400,50,10,52.3,62.7,313.6
2026-02-08,新鬼武者3,518,1608,300,21,9,53.6,76.6,178.7
2026-02-08,新鬼武者3,519,1554,-1000,6,3,172.7,259.0,518.0
2026-02-08,新鬼武者3,520,975,-800,7,1,121.9,139.3,975.0
2026-02-08,新鬼武者3,521,2832,-1000,22,11,85.8,128.7,257.5
2026-02-08,新鬼武者3,522,29,0,0,0,0.0,0.0,0.0
2026-02-08,東京リベンジャーズ,433,4529,-500,21,7,161.8,215.7,647.0
2026-02-08,東京リベンジャーズ,434,3176,-1900,5,4,352.9,635.2,794.0
2026-02-08,東京リベンジャーズ,435,2340,-600,11,3,167.1,212.7,780.0
2026-02-08,東京リベンジャーズ,436,2443,-1700,6,4,244.3,407.2,610.8
2026-02-08,東京リベンジャーズ,437,373,-200,1,0,373.0,373.0,0.0
2026-02-08,沖ドキ!DUO アンコール,665,2015,-1600,9,3,167.9,223.9,671.7
2026-02-08,沖ドキ!DUO アンコール,666,427,300,5,1,71.2,85.4,427.0
2026-02-08,沖ドキ!DUO アンコール,667,2800,200,25,7,87.5,112.0,400.0
2026-02-08,沖ドキ!DUO アンコール,668,937,-900,3,3,156.2,312.3,312.3
2026-02-08,沖ドキ!DUO アンコール,669,1011,-600,4,5,112.3,252.8,202.2
2026-02-08,甲鉄城のカバネリ,573,1260,900,14,3,74.1,90.0,420.0
2026-02-08,甲鉄城のカバネリ,574,3251,-400,29,12,79.3,112.1,270.9
2026-02-08,甲鉄城のカバネリ,575,657,-200,3,2,131.4,219.0,328.5
2026-02-08,甲鉄城のカバネリ,576,2230,800,30,12,53.1,74.3,185.8
2026-02-08,甲鉄城のカバネリ,577,742,-100,6,3,82.4,123.7,247.3
2026-02-08,革命機ヴァルヴレイヴ,438,1985,3700,37,4,48.4,53.6,496.2
2026-02-08,革命機ヴァルヴレイヴ,439,633,-1000,0,0,0.0,0.0,0.0
2026-02-08,革命機ヴァルヴレイヴ,440,4336,-1700,28,5,131.4,154.9,867.2
2026-02-08,革命機ヴァルヴレイヴ,441,699,200,8,0,87.4,87.4,0.0
2026-02-08,革命機ヴァルヴレイヴ,442,1344,3300,36,2,35.4,37.3,672.0
2026-02-08,ウルトラミラクルジャグラー,605,4686,-1400,13,11,195.2,360.5,426.0
2026-02-08,ウルトラミラクルジャグラー,606,7170,-400,22,29,140.6,325.9,247.2
2026-02-08,ウルトラミラクルジャグラー,607,3586,-900,11,8,188.7,326.0,448.2
2026-02-08,ウルトラミラクルジャグラー,608,7660,2400,34,33,114.3,225.3,232.1
2026-02-08,ゴッドイーター リザレクション,549,1558,-1200,7,4,141.6,222.6,389.5
2026-02-08,ゴッドイーター リザレクション,550,1313,500,19,4,57.1,69.1,328.2
2026-02-08,ゴッドイーター リザレクション,551,2040,-1400,18,6,85.0,113.3,340.0
2026-02-08,ゴッドイーター リザレクション,552,2156,-500,24,7,69.5,89.8,308.0
2026-02-08,ジャグラーガールズ,609,5049,-700,18,10,180.3,280.5,504.9
2026-02-08,ジャグラーガールズ,610,4657,-800,15,12,172.5,310.5,388.1
2026-02-08,ジャグラーガールズ,611,2542,-1500,5,4,282.4,508.4,635.5
2026-02-08,ジャグラーガールズ,612,3224,-1500,6,7,248.0,537.3,460.6
2026-02-08,戦国乙女4 戦乱に閃く炯眼の軍師,476,1547,1700,9,9,85.9,171.9,171.9
2026-02-08,戦国乙女4 戦乱に閃く炯眼の軍師,477,1212,-1200,4,1,242.4,303.0,1212.0
2026-02-08,戦国乙女4 戦乱に閃く炯眼の軍師,478,553,-800,1,0,553.0,553.0,0.0
2026-02-08,戦国乙女4 戦乱に閃く炯眼の軍師,479,2856,2600,20,16,79.3,142.8,178.5
2026-02-08,鉄拳6,489,1852,-1500,9,5,132.3,205.8,370.4
2026-02-08,鉄拳6,490,3209,-2500,16,12,114.6,200.6,267.4
2026-02-08,鉄拳6,491,3331,1400,29,20,68.0,114.9,166.6
2026-02-08,鉄拳6,492,3919,5800,37,50,45.0,105.9,78.4
2026-02-08,からくりサーカス,427,1698,-1600,8,2,169.8,212.2,849.0
2026-02-08,からくりサーカス,428,864,-900,4,2,144.0,216.0,432.0
2026-02-08,からくりサーカス,429,1755,2500,31,10,42.8,56.6,175.5
2026-02-08,ゴブリンスレイヤーII,430,3694,-1400,21,0,175.9,175.9,0.0
2026-02-08,ゴブリンスレイヤーII,431,3497,3000,31,0,112.8,112.8,0.0
2026-02-08,ゴブリンスレイヤーII,432,3477,6000,22,0,158.0,158.0,0.0
2026-02-08,スマスロ炎炎ノ消防隊2,486,6060,6800,54,16,86.6,112.2,378.8
2026-02-08,スマスロ炎炎ノ消防隊2,487,5190,-2100,25,15,129.8,207.6,346.0
2026-02-08,スマスロ炎炎ノ消防隊2,488,7000,-1900,30,18,145.8,233.3,388.9
2026-02-08,スマスロ秘宝伝,473,3473,-3600,5,5,347.3,694.6,694.6
2026-02-08,スマスロ秘宝伝,474,975,-500,3,1,243.8,325.0,975.0
2026-02-08,スマスロ秘宝伝,475,2329,3200,19,12,75.1,122.6,194.1
2026-02-08,モンスターハンターライズ,658,3160,500,38,11,64.5,83.2,287.3
2026-02-08,モンスターハンターライズ,659,87,-100,0,0,0.0,0.0,0.0
2026-02-08,モンスターハンターライズ,660,906,-800,4,2,151.0,226.5,453.0
2026-02-08,主役は銭形5,546,1664,-900,9,5,118.9,184.9,332.8
2026-02-08,主役は銭形5,547,878,0,5,2,125.4,175.6,439.0
2026-02-08,主役は銭形5,548,2225,2000,9,3,185.4,247.2,741.7
2026-02-08,化物語,483,3866,-100,36,15,75.8,107.4,257.7
2026-02-08,化物語,484,3190,1500,39,13,61.3,81.8,245.4
2026-02-08,化物語,485,1955,-600,13,3,122.2,150.4,651.7
2026-02-08,攻殻機動隊,480,4002,5000,37,13,80.0,108.2,307.8
2026-02-08,攻殻機動隊,481,5106,-3300,22,18,127.7,232.1,283.7
2026-02-08,攻殻機動隊,482,3763,7500,37,18,68.4,101.7,209.1
2026-02-08,スマスロ ハナビ,663,8325,1700,33,23,148.7,252.3,362.0
2026-02-08,スマスロ ハナビ,664,5279,-200,16,15,170.3,329.9,351.9
2026-02-08,ディスクアップ2,597,5608,0,19,10,193.4,295.2,560.8
2026-02-08,ディスクアップ2,598,6504,800,23,15,171.2,282.8,433.6
2026-02-08,バーサスリヴァイズ,595,6011,1800,27,19,130.7,222.6,316.4
2026-02-08,バーサスリヴァイズ,596,1419,-700,3,3,236.5,473.0,473.0
2026-02-08,新ハナビ,593,3058,-500,10,5,203.9,305.8,611.6
2026-02-08,新ハナビ,594,1376,-300,3,4,196.6,458.7,344.0
2026-02-08,とある科学の超電磁砲2,654,1850,-1600,6,1,264.3,308.3,1850.0
2026-02-08,アズールレーン THE ANIMATION,655,3431,-2000,25,24,70.0,137.2,143.0
2026-02-08,ネオプラネット,656,2877,100,12,3,191.8,239.8,959.0
2026-02-08,無職転生 ～異世界行ったら本気だす～,657,3544,6800,90,30,29.5,39.4,118.1
2026-02-08,クレアの秘宝伝 ～はじまりの扉と太陽の石～ ボーナストリガーver.,661,3921,0,13,10,170.5,301.6,392.1
2026-02-08,アレックス ブライト,662,1071,0,4,2,178.5,267.8,535.5
2026-02-08,スマスロ炎炎ノ消防隊,670,3738,-3100,8,12,186.9,467.2,311.5
2026-02-08,バイオハザード5,671,23,0,0,0,0.0,0.0,0.0
2026-02-08,絶対衝激IV,672,1636,-600,22,11,49.6,74.4,148.7
2026-02-09,ゴーゴージャグラー3,553,3035,100,14,5,159.7,216.8,607.0
2026-02-09,ゴーゴージャグラー3,554,760,-300,3,0,253.3,253.3,0.0
2026-02-09,ゴーゴージャグラー3,555,4804,1400,23,19,114.4,208.9,252.8
2026-02-09,ゴーゴージャグラー3,556,2665,200,10,12,121.1,266.5,222.1
2026-02-09,ゴーゴージャグラー3,557,1182,-500,4,1,236.4,295.5,1182.0
2026-02-09,ゴーゴージャグラー3,558,6046,1300,28,21,123.4,215.9,287.9
2026-02-09,ゴーゴージャグラー3,559,912,-600,1,2,304.0,912.0,456.0
2026-02-09,ゴーゴージャグラー3,560,2020,-500,7,5,168.3,288.6,404.0
2026-02-09,ゴーゴージャグラー3,561,3792,700,19,10,130.8,199.6,379.2
2026-02-09,ゴーゴージャグラー3,562,2031,-300,7,5,169.2,290.1,406.2
2026-02-09,ゴーゴージャグラー3,563,6435,600,25,24,131.3,257.4,268.1
2026-02-09,ゴーゴージャグラー3,564,4786,600,19,19,125.9,251.9,251.9
2026-02-09,ゴーゴージャグラー3,565,3408,-100,14,7,162.3,243.4,486.9
2026-02-09,ゴーゴージャグラー3,566,1594,-200,5,4,177.1,318.8,398.5
2026-02-09,ゴーゴージャグラー3,567,2792,-500,11,7,155.1,253.8,398.9
2026-02-09,ゴーゴージャグラー3,568,3047,400,16,4,152.3,190.4,761.8
2026-02-09,ゴーゴージャグラー3,569,3564,0,15,9,148.5,237.6,396.0
2026-02-09,ゴーゴージャグラー3,570,3887,-400,12,13,155.5,323.9,299.0
2026-02-09,ゴーゴージャグラー3,571,1496,-400,6,1,213.7,249.3,1496.0
2026-02-09,ゴーゴージャグラー3,572,5534,1800,27,22,112.9,205.0,251.5
2026-02-09,ネオアイムジャグラーEX,637,3513,1600,20,7,130.1,175.7,501.9
2026-02-09,ネオアイムジャグラーEX,638,1773,-500,5,3,221.6,354.6,591.0
2026-02-09,ネオアイムジャグラーEX,639,4122,-1000,10,12,187.4,412.2,343.5
2026-02-09,ネオアイムジャグラーEX,640,1560,-400,5,3,195.0,312.0,520.0
2026-02-09,ネオアイムジャグラーEX,641,4461,-1500,11,10,212.4,405.5,446.1
2026-02-09,ネオアイムジャグラーEX,642,1635,-400,5,2,233.6,327.0,817.5
2026-02-09,ネオアイムジャグラーEX,643,2876,100,12,7,151.4,239.7,410.9
2026-02-09,ネオアイムジャグラーEX,644,1957,-900,6,0,326.2,326.2,0.0
2026-02-09,ネオアイムジャグラーEX,645,6226,900,24,22,135.3,259.4,283.0
2026-02-09,ネオアイムジャグラーEX,646,3352,1400,18,14,104.8,186.2,239.4
2026-02-09,ネオアイムジャグラーEX,647,2147,-1000,5,5,214.7,429.4,429.4
2026-02-09,ネオアイムジャグラーEX,648,5598,-700,17,13,186.6,329.3,430.6
2026-02-09,ネオアイムジャグラーEX,649,2486,0,10,3,191.2,248.6,828.7
2026-02-09,ネオアイムジャグラーEX,650,5501,-800,20,8,196.5,275.1,687.6
2026-02-09,ネオアイムジャグラーEX,651,2344,800,12,8,117.2,195.3,293.0
2026-02-09,ネオアイムジャグラーEX,652,5155,500,19,17,143.2,271.3,303.2
2026-02-09,ネオアイムジャグラーEX,653,7781,100,29,23,149.6,268.3,338.3
2026-02-09,マイジャグラーV,621,4383,-1400,9,13,199.2,487.0,337.2
2026-02-09,マイジャグラーV,622,3869,600,16,13,133.4,241.8,297.6
2026-02-09,マイジャグラーV,623,3875,0,18,6,161.5,215.3,645.8
2026-02-09,マイジャグラーV,624,1980,-1100,4,3,282.9,495.0,660.0
2026-02-09,マイジャグラーV,625,1751,-600,4,4,218.9,437.8,437.8
2026-02-09,マイジャグラーV,626,3076,-1600,4,12,192.2,769.0,256.3
2026-02-09,マイジャグラーV,627,1057,-500,2,3,211.4,528.5,352.3
2026-02-09,マイジャグラーV,628,4689,700,22,9,151.3,213.1,521.0
2026-02-09,マイジャグラーV,629,1019,200,5,0,203.8,203.8,0.0
2026-02-09,マイジャグラーV,630,2502,-200,10,5,166.8,250.2,500.4
2026-02-09,マイジャグラーV,631,4068,900,17,15,127.1,239.3,271.2
2026-02-09,マイジャグラーV,632,1816,-200,6,4,181.6,302.7,454.0
2026-02-09,マイジャグラーV,633,5602,-200,22,13,160.1,254.6,430.9
2026-02-09,マイジャグラーV,634,2199,-200,7,2,244.3,314.1,1099.5
2026-02-09,マイジャグラーV,635,6706,1100,30,18,139.7,223.5,372.6
2026-02-09,マイジャグラーV,636,7442,1500,28,33,122.0,265.8,225.5
2026-02-09,かぐや様は告らせたい,417,3097,500,18,4,140.8,172.1,774.2
2026-02-09,かぐや様は告らせたい,418,589,-800,0,1,589.0,0.0,589.0
2026-02-09,かぐや様は告らせたい,419,831,-900,1,2,277.0,831.0,415.5
2026-02-09,かぐや様は告らせたい,420,0,0,0,0,0.0,0.0,0.0
2026-02-09,かぐや様は告らせたい,421,32,0,0,0,0.0,0.0,0.0
2026-02-09,かぐや様は告らせたい,422,848,-200,4,0,212.0,212.0,0.0
2026-02-09,かぐや様は告らせたい,423,0,0,0,0,0.0,0.0,0.0
2026-02-09,かぐや様は告らせたい,424,1046,-1000,2,0,523.0,523.0,0.0
2026-02-09,かぐや様は告らせたい,425,0,0,0,0,0.0,0.0,0.0
2026-02-09,かぐや様は告らせたい,426,1011,-1100,2,0,505.5,505.5,0.0
2026-02-09,スマスロ北斗の拳,523,3882,-1500,28,10,102.2,138.6,388.2
2026-02-09,スマスロ北斗の拳,524,4992,-2600,31,11,118.9,161.0,453.8
2026-02-09,スマスロ北斗の拳,525,5462,-3000,35,13,113.8,156.1,420.2
2026-02-09,スマスロ北斗の拳,526,3619,-1900,26,8,106.4,139.2,452.4
2026-02-09,スマスロ北斗の拳,527,5507,4900,89,19,51.0,61.9,289.8
2026-02-09,スマスロ北斗の拳,528,0,0,0,0,0.0,0.0,0.0
2026-02-09,スマスロ北斗の拳,529,5582,-1800,48,15,88.6,116.3,372.1
2026-02-09,スマスロ北斗の拳,530,586,1500,18,1,30.8,32.6,586.0
2026-02-09,スマスロ北斗の拳,531,6219,6000,109,27,45.7,57.1,230.3
2026-02-09,スマスロ北斗の拳,532,4834,-2500,36,10,105.1,134.3,483.4
2026-02-09,モンキーターンV,508,1677,500,21,9,55.9,79.9,186.3
2026-02-09,モンキーターンV,509,3595,1300,37,11,74.9,97.2,326.8
2026-02-09,モンキーターンV,510,2387,-700,22,10,74.6,108.5,238.7
2026-02-09,モンキーターンV,511,99,400,4,1,19.8,24.8,99.0
2026-02-09,モンキーターンV,512,2227,1200,32,7,57.1,69.6,318.1
2026-02-09,モンキーターンV,513,3705,-1600,29,16,82.3,127.8,231.6
2026-02-09,モンキーターンV,514,777,700,8,3,70.6,97.1,259.0
2026-02-09,モンキーターンV,515,2442,2500,43,12,44.4,56.8,203.5
2026-02-09,モンキーターンV,516,746,-300,3,2,149.2,248.7,373.0
2026-02-09,モンキーターンV,517,1271,-1600,4,3,181.6,317.8,423.7
2026-02-09,北斗の拳 転生の章2,493,5052,9500,124,26,33.7,40.7,194.3
2026-02-09,北斗の拳 転生の章2,494,3710,-2100,27,9,103.1,137.4,412.2
2026-02-09,北斗の拳 転生の章2,495,4426,-3000,28,11,113.5,158.1,402.4
2026-02-09,北斗の拳 転生の章2,496,5070,1900,71,18,57.0,71.4,281.7
2026-02-09,北斗の拳 転生の章2,497,4582,-800,48,13,75.1,95.5,352.5
2026-02-09,北斗の拳 転生の章2,498,1993,-1500,12,5,117.2,166.1,398.6
2026-02-09,北斗の拳 転生の章2,499,3932,-4500,11,7,218.4,357.5,561.7
2026-02-09,北斗の拳 転生の章2,500,3670,-1800,28,10,96.6,131.1,367.0
2026-02-09,北斗の拳 転生の章2,501,1350,-1000,8,4,112.5,168.8,337.5
2026-02-09,北斗の拳 転生の章2,502,5549,-500,57,18,74.0,97.4,308.3
2026-02-09,革命機ヴァルヴレイヴ2,443,3653,1700,45,8,68.9,81.2,456.6
2026-02-09,革命機ヴァルヴレイヴ2,444,2766,-2500,8,3,251.5,345.8,922.0
2026-02-09,革命機ヴァルヴレイヴ2,445,3114,-2300,19,4,135.4,163.9,778.5
2026-02-09,革命機ヴァルヴレイヴ2,446,4219,7200,83,3,49.1,50.8,1406.3
2026-02-09,革命機ヴァルヴレイヴ2,447,2151,3400,50,3,40.6,43.0,717.0
2026-02-09,革命機ヴァルヴレイヴ2,448,1631,-1700,3,2,326.2,543.7,815.5
2026-02-09,革命機ヴァルヴレイヴ2,449,1937,400,23,1,80.7,84.2,1937.0
2026-02-09,革命機ヴァルヴレイヴ2,450,3486,5700,72,4,45.9,48.4,871.5
2026-02-09,革命機ヴァルヴレイヴ2,451,3394,-4000,9,2,308.5,377.1,1697.0
2026-02-09,革命機ヴァルヴレイヴ2,452,1474,-1600,7,3,147.4,210.6,491.3
2026-02-09,ファンキージャグラー2,613,8556,1100,35,29,133.7,244.5,295.0
2026-02-09,ファンキージャグラー2,614,3500,200,14,8,159.1,250.0,437.5
2026-02-09,ファンキージャグラー2,615,7230,1300,31,26,126.8,233.2,278.1
2026-02-09,ファンキージャグラー2,616,4204,-1100,13,9,191.1,323.4,467.1
2026-02-09,ファンキージャグラー2,617,5607,1200,28,12,140.2,200.2,467.2
2026-02-09,ファンキージャグラー2,618,7811,0,30,21,153.2,260.4,372.0
2026-02-09,ファンキージャグラー2,619,5228,500,23,13,145.2,227.3,402.2
2026-02-09,ファンキージャグラー2,620,4219,-1700,12,5,248.2,351.6,843.8
2026-02-09,東京喰種,533,1572,-1000,6,5,142.9,262.0,314.4
2026-02-09,東京喰種,534,3485,4000,40,14,64.5,87.1,248.9
2026-02-09,東京喰種,535,3488,-1900,19,11,116.3,183.6,317.1
2026-02-09,東京喰種,536,1743,1800,13,8,83.0,134.1,217.9
2026-02-09,東京喰種,537,1963,10100,52,11,31.2,37.8,178.5
2026-02-09,東京喰種,538,1107,-700,6,4,110.7,184.5,276.8
2026-02-09,東京喰種,539,1901,-1600,9,7,118.8,211.2,271.6
2026-02-09,東京喰種,540,1436,-1700,3,5,179.5,478.7,287.2
2026-02-09,ハッピージャグラーVIII,599,4991,200,19,16,142.6,262.7,311.9
2026-02-09,ハッピージャグラーVIII,600,2567,-400,8,9,151.0,320.9,285.2
2026-02-09,ハッピージャグラーVIII,601,1659,-1200,2,2,414.8,829.5,829.5
2026-02-09,ハッピージャグラーVIII,602,3045,-500,9,9,169.2,338.3,338.3
2026-02-09,ハッピージャグラーVIII,603,1392,-400,5,2,198.9,278.4,696.0
2026-02-09,ハッピージャグラーVIII,604,3994,-700,13,10,173.7,307.2,399.4
2026-02-09,いざ！番長,583,926,-800,5,2,132.3,185.2,463.0
2026-02-09,いざ！番長,584,1191,200,11,6,70.1,108.3,198.5
2026-02-09,いざ！番長,585,622,-700,1,1,311.0,622.0,622.0
2026-02-09,いざ！番長,586,2305,1000,15,4,121.3,153.7,576.2
2026-02-09,いざ！番長,587,1807,-2200,9,0,200.8,200.8,0.0
2026-02-09,スーパーブラックジャック,503,0,0,0,0,0.0,0.0,0.0
2026-02-09,スーパーブラックジャック,504,1002,-1100,5,1,167.0,200.4,1002.0
2026-02-09,スーパーブラックジャック,505,281,-200,2,0,140.5,140.5,0.0
2026-02-09,スーパーブラックジャック,506,0,0,0,0,0.0,0.0,0.0
2026-02-09,スーパーブラックジャック,507,0,0,0,0,0.0,0.0,0.0
2026-02-09,マギアレコード 魔法少女まどか☆マギカ外伝,541,2591,1400,15,23,68.2,172.7,112.7
2026-02-09,マギアレコード 魔法少女まどか☆マギカ外伝,542,0,0,0,0,0.0,0.0,0.0
2026-02-09,マギアレコード 魔法少女まどか☆マギカ外伝,543,1916,-500,9,10,100.8,212.9,191.6
2026-02-09,マギアレコード 魔法少女まどか☆マギカ外伝,544,0,0,0,0,0.0,0.0,0.0
2026-02-09,マギアレコード 魔法少女まどか☆マギカ外伝,545,1619,-1500,5,3,202.4,323.8,539.7
2026-02-09,吉宗,588,183,-200,0,0,0.0,0.0,0.0
2026-02-09,吉宗,589,2073,0,4,2,345.5,518.2,1036.5
2026-02-09,吉宗,590,1240,-1100,1,0,1240.0,1240.0,0.0
2026-02-09,吉宗,591,2021,2900,8,3,183.7,252.6,673.7
2026-02-09,吉宗,592,2789,800,6,8,199.2,464.8,348.6
2026-02-09,押忍!番長ZERO,578,4970,6000,106,21,39.1,46.9,236.7
2026-02-09,押忍!番長ZERO,579,3074,300,38,6,69.9,80.9,512.3
2026-02-09,押忍!番長ZERO,580,2169,-800,25,5,72.3,86.8,433.8
2026-02-09,押忍!番長ZERO,581,2343,-1600,16,3,123.3,146.4,781.0
2026-02-09,押忍!番長ZERO,582,5166,1200,70,11,63.8,73.8,469.6
2026-02-09,新鬼武者3,518,2205,2000,43,14,38.7,51.3,157.5
2026-02-09,新鬼武者3,519,371,-400,1,0,371.0,371.0,0.0
2026-02-09,新鬼武者3,520,937,400,11,5,58.6,85.2,187.4
2026-02-09,新鬼武者3,521,653,1100,12,5,38.4,54.4,130.6
2026-02-09,新鬼武者3,522,1158,-200,7,2,128.7,165.4,579.0
2026-02-09,東京リベンジャーズ,433,0,0,0,0,0.0,0.0,0.0
2026-02-09,東京リベンジャーズ,434,0,0,0,0,0.0,0.0,0.0
2026-02-09,東京リベンジャーズ,435,2705,300,13,6,142.4,208.1,450.8
2026-02-09,東京リベンジャーズ,436,3065,200,18,6,127.7,170.3,510.8
2026-02-09,東京リベンジャーズ,437,0,0,0,0,0.0,0.0,0.0
2026-02-09,沖ドキ!DUO アンコール,665,1808,200,15,10,72.3,120.5,180.8
2026-02-09,沖ドキ!DUO アンコール,666,2735,-2600,9,9,151.9,303.9,303.9
2026-02-09,沖ドキ!DUO アンコール,667,3229,-2100,17,10,119.6,189.9,322.9
2026-02-09,沖ドキ!DUO アンコール,668,1558,-1000,8,6,111.3,194.8,259.7
2026-02-09,沖ドキ!DUO アンコール,669,938,-200,7,3,93.8,134.0,312.7
2026-02-09,甲鉄城のカバネリ,573,757,-600,4,4,94.6,189.2,189.2
2026-02-09,甲鉄城のカバネリ,574,2209,600,25,8,66.9,88.4,276.1
2026-02-09,甲鉄城のカバネリ,575,1126,-200,10,6,70.4,112.6,187.7
2026-02-09,甲鉄城のカバネリ,576,3726,-1500,28,18,81.0,133.1,207.0
2026-02-09,甲鉄城のカバネリ,577,602,1900,21,7,21.5,28.7,86.0
2026-02-09,革命機ヴァルヴレイヴ,438,4958,2300,58,4,80.0,85.5,1239.5
2026-02-09,革命機ヴァルヴレイヴ,439,930,-600,3,1,232.5,310.0,930.0
2026-02-09,革命機ヴァルヴレイヴ,440,18,0,0,0,0.0,0.0,0.0
2026-02-09,革命機ヴァルヴレイヴ,441,7544,5500,76,5,93.1,99.3,1508.8
2026-02-09,革命機ヴァルヴレイヴ,442,416,100,2,0,208.0,208.0,0.0
2026-02-09,ウルトラミラクルジャグラー,605,4045,-1000,11,13,168.5,367.7,311.2
2026-02-09,ウルトラミラクルジャグラー,606,1674,-200,6,4,167.4,279.0,418.5
2026-02-09,ウルトラミラクルジャグラー,607,5840,0,20,18,153.7,292.0,324.4
2026-02-09,ウルトラミラクルジャグラー,608,1860,-400,5,5,186.0,372.0,372.0
2026-02-09,ゴッドイーター リザレクション,549,769,-1000,2,1,256.3,384.5,769.0
2026-02-09,ゴッドイーター リザレクション,550,976,-100,12,3,65.1,81.3,325.3
2026-02-09,ゴッドイーター リザレクション,551,969,-1200,2,1,323.0,484.5,969.0
2026-02-09,ゴッドイーター リザレクション,552,1651,2600,44,6,33.0,37.5,275.2
2026-02-09,ジャグラーガールズ,609,2998,-1200,6,11,176.4,499.7,272.5
2026-02-09,ジャグラーガールズ,610,1056,-300,3,2,211.2,352.0,528.0
2026-02-09,ジャグラーガールズ,611,2653,-300,10,6,165.8,265.3,442.2
2026-02-09,ジャグラーガールズ,612,2982,-800,9,9,165.7,331.3,331.3
2026-02-09,戦国乙女4 戦乱に閃く炯眼の軍師,476,798,200,2,3,159.6,399.0,266.0
2026-02-09,戦国乙女4 戦乱に閃く炯眼の軍師,477,899,800,6,4,89.9,149.8,224.8
2026-02-09,戦国乙女4 戦乱に閃く炯眼の軍師,478,869,0,3,2,173.8,289.7,434.5
2026-02-09,戦国乙女4 戦乱に閃く炯眼の軍師,479,178,-200,0,0,0.0,0.0,0.0
2026-02-09,鉄拳6,489,2212,800,15,13,79.0,147.5,170.2
2026-02-09,鉄拳6,490,3825,-3300,16,9,153.0,239.1,425.0
2026-02-09,鉄拳6,491,1528,200,9,6,101.9,169.8,254.7
2026-02-09,鉄拳6,492,2766,-2000,14,7,131.7,197.6,395.1
2026-02-09,からくりサーカス,427,1231,-1300,4,2,205.2,307.8,615.5
2026-02-09,からくりサーカス,428,1091,2600,28,3,35.2,39.0,363.7
2026-02-09,からくりサーカス,429,81,-100,0,0,0.0,0.0,0.0
2026-02-09,ゴブリンスレイヤーII,430,3550,600,31,1,110.9,114.5,3550.0
2026-02-09,ゴブリンスレイヤーII,431,2561,13600,29,1,85.4,88.3,2561.0
2026-02-09,ゴブリンスレイヤーII,432,4536,5400,25,2,168.0,181.4,2268.0
2026-02-09,スマスロ炎炎ノ消防隊2,486,7226,-2300,32,22,133.8,225.8,328.5
2026-02-09,スマスロ炎炎ノ消防隊2,487,6948,-1700,38,18,124.1,182.8,386.0
2026-02-09,スマスロ炎炎ノ消防隊2,488,7141,-3700,23,19,170.0,310.5,375.8
2026-02-09,スマスロ秘宝伝,473,2913,-200,13,7,145.7,224.1,416.1
2026-02-09,スマスロ秘宝伝,474,1873,0,9,6,124.9,208.1,312.2
2026-02-09,スマスロ秘宝伝,475,672,100,3,2,134.4,224.0,336.0
2026-02-09,モンスターハンターライズ,658,2696,-1600,18,7,107.8,149.8,385.1
2026-02-09,モンスターハンターライズ,659,3358,0,39,9,70.0,86.1,373.1
2026-02-09,モンスターハンターライズ,660,1488,-900,9,6,99.2,165.3,248.0
2026-02-09,主役は銭形5,546,1244,-1400,2,1,414.7,622.0,1244.0
2026-02-09,主役は銭形5,547,1185,-1500,3,2,237.0,395.0,592.5
2026-02-09,主役は銭形5,548,2556,-1200,12,5,150.4,213.0,511.2
2026-02-09,化物語,483,1862,2600,37,16,35.1,50.3,116.4
2026-02-09,化物語,484,1679,-1600,9,4,129.2,186.6,419.8
2026-02-09,化物語,485,2178,-1600,11,7,121.0,198.0,311.1
2026-02-09,攻殻機動隊,480,4080,2500,33,16,83.3,123.6,255.0
2026-02-09,攻殻機動隊,481,4455,-2800,16,13,153.6,278.4,342.7
2026-02-09,攻殻機動隊,482,3602,-1300,20,17,97.4,180.1,211.9
2026-02-09,スマスロ ハナビ,663,4515,-500,13,11,188.1,347.3,410.5
2026-02-09,スマスロ ハナビ,664,6620,-500,21,14,189.1,315.2,472.9
2026-02-09,ディスクアップ2,597,3871,-2500,6,7,297.8,645.2,553.0
2026-02-09,ディスクアップ2,598,4459,1400,21,9,148.6,212.3,495.4
2026-02-09,バーサスリヴァイズ,595,1062,-400,3,1,265.5,354.0,1062.0
2026-02-09,バーサスリヴァイズ,596,2112,100,7,6,162.5,301.7,352.0
2026-02-09,新ハナビ,593,4089,-800,13,12,163.6,314.5,340.8
2026-02-09,新ハナビ,594,1316,-600,1,4,263.2,1316.0,329.0
2026-02-09,とある科学の超電磁砲2,654,3228,-2400,11,4,215.2,293.5,807.0
2026-02-09,アズールレーン THE ANIMATION,655,2993,-1400,29,17,65.1,103.2,176.1
2026-02-09,ネオプラネット,656,2013,-1600,4,1,402.6,503.2,2013.0
2026-02-09,無職転生 ～異世界行ったら本気だす～,657,1112,-1000,3,6,123.6,370.7,185.3
2026-02-09,クレアの秘宝伝 ～はじまりの扉と太陽の石～ ボーナストリガーver.,661,1395,-200,4,4,174.4,348.8,348.8
2026-02-09,アレックス ブライト,662,1524,2000,12,0,127.0,127.0,0.0
2026-02-09,スマスロ炎炎ノ消防隊,670,578,600,6,2,72.2,96.3,289.0
2026-02-09,七つの魔剣が支配する,671,5155,700,91,28,43.3,56.6,184.1
2026-02-09,絶対衝激IV,672,345,0,5,3,43.1,69.0,115.0
2026-02-10,ゴーゴージャグラー3,553,898,-800,1,0,898.0,898.0,0.0
2026-02-10,ゴーゴージャグラー3,554,5103,500,23,15,134.3,221.9,340.2
2026-02-10,ゴーゴージャグラー3,555,2797,-600,8,8,174.8,349.6,349.6
2026-02-10,ゴーゴージャグラー3,556,4583,-1300,15,10,183.3,305.5,458.3
2026-02-10,ゴーゴージャグラー3,557,4266,1200,23,13,118.5,185.5,328.2
2026-02-10,ゴーゴージャグラー3,558,520,-600,0,0,0.0,0.0,0.0
2026-02-10,ゴーゴージャグラー3,559,6861,-1100,23,22,152.5,298.3,311.9
2026-02-10,ゴーゴージャグラー3,560,5660,500,25,16,138.0,226.4,353.8
2026-02-10,ゴーゴージャグラー3,561,2491,700,11,10,118.6,226.5,249.1
2026-02-10,ゴーゴージャグラー3,562,1338,-700,2,4,223.0,669.0,334.5
2026-02-10,ゴーゴージャグラー3,563,1262,-600,3,2,252.4,420.7,631.0
2026-02-10,ゴーゴージャグラー3,564,4222,-1500,9,19,150.8,469.1,222.2
2026-02-10,ゴーゴージャグラー3,565,870,-200,3,1,217.5,290.0,870.0
2026-02-10,ゴーゴージャグラー3,566,2938,-300,11,6,172.8,267.1,489.7
2026-02-10,ゴーゴージャグラー3,567,1303,-600,5,1,217.2,260.6,1303.0
2026-02-10,ゴーゴージャグラー3,568,2482,-400,7,7,177.3,354.6,354.6
2026-02-10,ゴーゴージャグラー3,569,5390,-100,20,17,145.7,269.5,317.1
2026-02-10,ゴーゴージャグラー3,570,4246,200,18,13,137.0,235.9,326.6
2026-02-10,ゴーゴージャグラー3,571,2803,-400,8,11,147.5,350.4,254.8
2026-02-10,ゴーゴージャグラー3,572,1512,-600,5,3,189.0,302.4,504.0
2026-02-10,ネオアイムジャグラーEX,637,2612,100,10,7,153.6,261.2,373.1
2026-02-10,ネオアイムジャグラーEX,638,3168,-1900,4,8,264.0,792.0,396.0
2026-02-10,ネオアイムジャグラーEX,639,2581,-900,5,9,184.4,516.2,286.8
2026-02-10,ネオアイムジャグラーEX,640,5872,400,26,13,150.6,225.8,451.7
2026-02-10,ネオアイムジャグラーEX,641,1800,-200,8,2,180.0,225.0,900.0
2026-02-10,ネオアイムジャグラーEX,642,3173,500,15,4,167.0,211.5,793.2
2026-02-10,ネオアイムジャグラーEX,643,6504,1900,29,24,122.7,224.3,271.0
2026-02-10,ネオアイムジャグラーEX,644,1431,-300,4,3,204.4,357.8,477.0
2026-02-10,ネオアイムジャグラーEX,645,2963,1000,18,3,141.1,164.6,987.7
2026-02-10,ネオアイムジャグラーEX,646,3908,-800,13,7,195.4,300.6,558.3
2026-02-10,ネオアイムジャグラーEX,647,6208,-200,26,6,194.0,238.8,1034.7
2026-02-10,ネオアイムジャグラーEX,648,3055,-1100,7,7,218.2,436.4,436.4
2026-02-10,ネオアイムジャグラーEX,649,6381,-900,19,24,148.4,335.8,265.9
2026-02-10,ネオアイムジャグラーEX,650,1635,-1500,1,1,817.5,1635.0,1635.0
2026-02-10,ネオアイムジャグラーEX,651,3890,-700,13,6,204.7,299.2,648.3
2026-02-10,ネオアイムジャグラーEX,652,6759,1000,27,23,135.2,250.3,293.9
2026-02-10,ネオアイムジャグラーEX,653,7171,-1600,21,13,210.9,341.5,551.6
2026-02-10,マイジャグラーV,621,5005,-1600,12,10,227.5,417.1,500.5
2026-02-10,マイジャグラーV,622,1742,-700,4,4,217.8,435.5,435.5
2026-02-10,マイジャグラーV,623,4017,600,18,10,143.5,223.2,401.7
2026-02-10,マイジャグラーV,624,2737,-100,11,6,161.0,248.8,456.2
2026-02-10,マイジャグラーV,625,1552,-600,3,3,258.7,517.3,517.3
2026-02-10,マイジャグラーV,626,6816,-1200,22,19,166.2,309.8,358.7
2026-02-10,マイジャグラーV,627,1161,-300,4,0,290.2,290.2,0.0
2026-02-10,マイジャグラーV,628,4112,-600,11,14,164.5,373.8,293.7
2026-02-10,マイジャグラーV,629,848,-600,1,1,424.0,848.0,848.0
2026-02-10,マイジャグラーV,630,4714,800,18,17,134.7,261.9,277.3
2026-02-10,マイジャグラーV,631,3262,-100,11,10,155.3,296.5,326.2
2026-02-10,マイジャグラーV,632,1210,-100,6,0,201.7,201.7,0.0
2026-02-10,マイジャグラーV,633,7017,1100,31,17,146.2,226.4,412.8
2026-02-10,マイジャグラーV,634,850,-700,1,2,283.3,850.0,425.0
2026-02-10,マイジャグラーV,635,4816,700,22,13,137.6,218.9,370.5
2026-02-10,マイジャグラーV,636,3217,-600,11,7,178.7,292.5,459.6
2026-02-10,かぐや様は告らせたい,417,142,-200,0,0,0.0,0.0,0.0
2026-02-10,かぐや様は告らせたい,418,158,-200,0,0,0.0,0.0,0.0
2026-02-10,かぐや様は告らせたい,419,0,0,0,0,0.0,0.0,0.0
2026-02-10,かぐや様は告らせたい,420,2149,-1700,5,6,195.4,429.8,358.2
2026-02-10,かぐや様は告らせたい,421,1098,-1200,1,3,274.5,1098.0,366.0
2026-02-10,かぐや様は告らせたい,422,0,0,0,0,0.0,0.0,0.0
2026-02-10,かぐや様は告らせたい,423,0,0,0,0,0.0,0.0,0.0
2026-02-10,かぐや様は告らせたい,424,0,0,0,0,0.0,0.0,0.0
2026-02-10,かぐや様は告らせたい,425,956,-900,2,1,318.7,478.0,956.0
2026-02-10,かぐや様は告らせたい,426,89,-100,0,0,0.0,0.0,0.0
2026-02-10,スマスロ北斗の拳,523,4541,-1000,38,13,89.0,119.5,349.3
2026-02-10,スマスロ北斗の拳,524,1220,-700,7,1,152.5,174.3,1220.0
2026-02-10,スマスロ北斗の拳,525,2498,0,27,4,80.6,92.5,624.5
2026-02-10,スマスロ北斗の拳,526,1433,-600,12,3,95.5,119.4,477.7
2026-02-10,スマスロ北斗の拳,527,5051,-1100,51,8,85.6,99.0,631.4
2026-02-10,スマスロ北斗の拳,528,2285,-100,24,3,84.6,95.2,761.7
2026-02-10,スマスロ北斗の拳,529,1908,800,30,3,57.8,63.6,636.0
2026-02-10,スマスロ北斗の拳,530,1635,0,17,3,81.8,96.2,545.0
2026-02-10,スマスロ北斗の拳,531,1256,-500,9,3,104.7,139.6,418.7
2026-02-10,スマスロ北斗の拳,532,7108,-1700,60,22,86.7,118.5,323.1
2026-02-10,モンキーターンV,508,1444,-1300,5,4,160.4,288.8,361.0
2026-02-10,モンキーターンV,509,1669,-900,9,4,128.4,185.4,417.2
2026-02-10,モンキーターンV,510,625,-500,3,3,104.2,208.3,208.3
2026-02-10,モンキーターンV,511,4245,100,40,13,80.1,106.1,326.5
2026-02-10,モンキーターンV,512,1940,6500,51,9,32.3,38.0,215.6
2026-02-10,モンキーターンV,513,2672,-1600,21,14,76.3,127.2,190.9
2026-02-10,モンキーターンV,514,1757,-1000,13,6,92.5,135.2,292.8
2026-02-10,モンキーターンV,515,811,-400,7,4,73.7,115.9,202.8
2026-02-10,モンキーターンV,516,1105,1300,20,3,48.0,55.2,368.3
2026-02-10,モンキーターンV,517,1170,0,13,6,61.6,90.0,195.0
2026-02-10,北斗の拳 転生の章2,493,3821,-2000,26,9,109.2,147.0,424.6
2026-02-10,北斗の拳 転生の章2,494,4511,-700,44,13,79.1,102.5,347.0
2026-02-10,北斗の拳 転生の章2,495,2941,-2300,16,4,147.1,183.8,735.2
2026-02-10,北斗の拳 転生の章2,496,4266,-2100,35,12,90.8,121.9,355.5
2026-02-10,北斗の拳 転生の章2,497,4626,-1900,40,9,94.4,115.7,514.0
2026-02-10,北斗の拳 転生の章2,498,4083,-800,42,12,75.6,97.2,340.2
2026-02-10,北斗の拳 転生の章2,499,7504,-1000,81,28,68.8,92.6,268.0
2026-02-10,北斗の拳 転生の章2,500,4090,-2000,32,11,95.1,127.8,371.8
2026-02-10,北斗の拳 転生の章2,501,5559,100,75,17,60.4,74.1,327.0
2026-02-10,北斗の拳 転生の章2,502,4687,100,53,14,70.0,88.4,334.8
2026-02-10,革命機ヴァルヴレイヴ2,443,2830,-600,21,3,117.9,134.8,943.3
2026-02-10,革命機ヴァルヴレイヴ2,444,5515,-2800,30,4,162.2,183.8,1378.8
2026-02-10,革命機ヴァルヴレイヴ2,445,3752,-3100,16,1,220.7,234.5,3752.0
2026-02-10,革命機ヴァルヴレイヴ2,446,2470,400,21,0,117.6,117.6,0.0
2026-02-10,革命機ヴァルヴレイヴ2,447,3802,3100,60,5,58.5,63.4,760.4
2026-02-10,革命機ヴァルヴレイヴ2,448,3473,-1600,17,3,173.7,204.3,1157.7
2026-02-10,革命機ヴァルヴレイヴ2,449,622,-800,1,1,311.0,622.0,622.0
2026-02-10,革命機ヴァルヴレイヴ2,450,4987,-3600,15,3,277.1,332.5,1662.3
2026-02-10,革命機ヴァルヴレイヴ2,451,755,-800,3,1,188.8,251.7,755.0
2026-02-10,革命機ヴァルヴレイヴ2,452,4026,-3100,17,5,183.0,236.8,805.2
2026-02-10,ファンキージャグラー2,613,1404,-400,4,1,280.8,351.0,1404.0
2026-02-10,ファンキージャグラー2,614,3414,-1200,9,8,200.8,379.3,426.8
2026-02-10,ファンキージャグラー2,615,1025,-600,2,0,512.5,512.5,0.0
2026-02-10,ファンキージャグラー2,616,1734,-900,3,3,289.0,578.0,578.0
2026-02-10,ファンキージャグラー2,617,4032,-100,15,11,155.1,268.8,366.5
2026-02-10,ファンキージャグラー2,618,2090,-1200,3,5,261.2,696.7,418.0
2026-02-10,ファンキージャグラー2,619,2971,-100,10,12,135.0,297.1,247.6
2026-02-10,ファンキージャグラー2,620,5730,-900,20,15,163.7,286.5,382.0
2026-02-10,東京喰種,533,1866,2900,21,8,64.3,88.9,233.2
2026-02-10,東京喰種,534,1876,8500,38,8,40.8,49.4,234.5
2026-02-10,東京喰種,535,4221,-2300,19,15,124.1,222.2,281.4
2026-02-10,東京喰種,536,3105,-1700,18,11,107.1,172.5,282.3
2026-02-10,東京喰種,537,1523,-1800,4,6,152.3,380.8,253.8
2026-02-10,東京喰種,538,3380,-4000,8,11,177.9,422.5,307.3
2026-02-10,東京喰種,539,730,-500,4,3,104.3,182.5,243.3
2026-02-10,東京喰種,540,2971,-2800,8,10,165.1,371.4,297.1
2026-02-10,ハッピージャグラーVIII,599,2023,-800,5,5,202.3,404.6,404.6
2026-02-10,ハッピージャグラーVIII,600,3293,-1200,7,12,173.3,470.4,274.4
2026-02-10,ハッピージャグラーVIII,601,3042,-300,10,10,152.1,304.2,304.2
2026-02-10,ハッピージャグラーVIII,602,2357,-500,8,6,168.4,294.6,392.8
2026-02-10,ハッピージャグラーVIII,603,6038,-300,19,23,143.8,317.8,262.5
2026-02-10,ハッピージャグラーVIII,604,1199,-500,3,2,239.8,399.7,599.5
2026-02-10,いざ！番長,583,2859,-2100,16,5,136.1,178.7,571.8
2026-02-10,いざ！番長,584,2442,-1300,11,6,143.6,222.0,407.0
2026-02-10,いざ！番長,585,420,200,5,3,52.5,84.0,140.0
2026-02-10,いざ！番長,586,3236,5400,38,12,64.7,85.2,269.7
2026-02-10,いざ！番長,587,2626,-1600,15,6,125.0,175.1,437.7
2026-02-10,スーパーブラックジャック,503,0,0,0,0,0.0,0.0,0.0
2026-02-10,スーパーブラックジャック,504,2461,-700,25,6,79.4,98.4,410.2
2026-02-10,スーパーブラックジャック,505,0,0,0,0,0.0,0.0,0.0
2026-02-10,スーパーブラックジャック,506,1779,400,27,2,61.3,65.9,889.5
2026-02-10,スーパーブラックジャック,507,25,0,0,0,0.0,0.0,0.0
2026-02-10,マギアレコード 魔法少女まどか☆マギカ外伝,541,3016,1700,13,29,71.8,232.0,104.0
2026-02-10,マギアレコード 魔法少女まどか☆マギカ外伝,542,429,800,1,9,42.9,429.0,47.7
2026-02-10,マギアレコード 魔法少女まどか☆マギカ外伝,543,2913,1800,14,21,83.2,208.1,138.7
2026-02-10,マギアレコード 魔法少女まどか☆マギカ外伝,544,0,0,0,0,0.0,0.0,0.0
2026-02-10,マギアレコード 魔法少女まどか☆マギカ外伝,545,1346,4300,12,26,35.4,112.2,51.8
2026-02-10,吉宗,588,377,-500,0,1,377.0,0.0,377.0
2026-02-10,吉宗,589,1926,7800,15,1,120.4,128.4,1926.0
2026-02-10,吉宗,590,1445,2400,6,4,144.5,240.8,361.2
2026-02-10,吉宗,591,241,-300,0,0,0.0,0.0,0.0
2026-02-10,吉宗,592,5202,7600,21,8,179.4,247.7,650.2
2026-02-10,押忍!番長ZERO,578,4715,-600,50,10,78.6,94.3,471.5
2026-02-10,押忍!番長ZERO,579,4130,-600,54,8,66.6,76.5,516.2
2026-02-10,押忍!番長ZERO,580,3344,-500,40,8,69.7,83.6,418.0
2026-02-10,押忍!番長ZERO,581,5565,900,71,15,64.7,78.4,371.0
2026-02-10,押忍!番長ZERO,582,2994,500,41,7,62.4,73.0,427.7
2026-02-10,新鬼武者3,518,329,-400,1,0,329.0,329.0,0.0
2026-02-10,新鬼武者3,519,1090,300,14,3,64.1,77.9,363.3
2026-02-10,新鬼武者3,520,561,-300,4,0,140.2,140.2,0.0
2026-02-10,新鬼武者3,521,774,-800,4,1,154.8,193.5,774.0
2026-02-10,新鬼武者3,522,2178,-2800,6,0,363.0,363.0,0.0
2026-02-10,東京リベンジャーズ,433,0,0,0,0,0.0,0.0,0.0
2026-02-10,東京リベンジャーズ,434,1781,-700,5,3,222.6,356.2,593.7
2026-02-10,東京リベンジャーズ,435,0,0,0,0,0.0,0.0,0.0
2026-02-10,東京リベンジャーズ,436,0,0,0,0,0.0,0.0,0.0
2026-02-10,東京リベンジャーズ,437,4861,-800,12,13,194.4,405.1,373.9
2026-02-10,沖ドキ!DUO アンコール,665,592,400,7,1,74.0,84.6,592.0
2026-02-10,沖ドキ!DUO アンコール,666,1135,-1200,4,2,189.2,283.8,567.5
2026-02-10,沖ドキ!DUO アンコール,667,508,-100,3,2,101.6,169.3,254.0
2026-02-10,沖ドキ!DUO アンコール,668,2648,2400,32,12,60.2,82.8,220.7
2026-02-10,沖ドキ!DUO アンコール,669,1782,-900,8,10,99.0,222.8,178.2
2026-02-10,甲鉄城のカバネリ,573,1012,-200,10,4,72.3,101.2,253.0
2026-02-10,甲鉄城のカバネリ,574,376,300,6,1,53.7,62.7,376.0
2026-02-10,甲鉄城のカバネリ,575,1317,-1200,6,5,119.7,219.5,263.4
2026-02-10,甲鉄城のカバネリ,576,1667,-700,13,4,98.1,128.2,416.8
2026-02-10,甲鉄城のカバネリ,577,1890,-1800,8,6,135.0,236.2,315.0
2026-02-10,革命機ヴァルヴレイヴ,438,0,0,0,0,0.0,0.0,0.0
2026-02-10,革命機ヴァルヴレイヴ,439,0,0,0,0,0.0,0.0,0.0
2026-02-10,革命機ヴァルヴレイヴ,440,0,0,0,0,0.0,0.0,0.0
2026-02-10,革命機ヴァルヴレイヴ,441,1284,-1300,1,1,642.0,1284.0,1284.0
2026-02-10,革命機ヴァルヴレイヴ,442,1495,700,14,1,99.7,106.8,1495.0
2026-02-10,ウルトラミラクルジャグラー,605,5876,1400,30,14,133.5,195.9,419.7
2026-02-10,ウルトラミラクルジャグラー,606,1490,-200,5,3,186.2,298.0,496.7
2026-02-10,ウルトラミラクルジャグラー,607,3536,-700,10,7,208.0,353.6,505.1
2026-02-10,ウルトラミラクルジャグラー,608,6499,-700,26,13,166.6,250.0,499.9
2026-02-10,ゴッドイーター リザレクション,549,1486,-1100,11,5,92.9,135.1,297.2
2026-02-10,ゴッドイーター リザレクション,550,486,500,7,2,54.0,69.4,243.0
2026-02-10,ゴッドイーター リザレクション,551,1604,-1600,13,7,80.2,123.4,229.1
2026-02-10,ゴッドイーター リザレクション,552,1776,-1800,10,5,118.4,177.6,355.2
2026-02-10,ジャグラーガールズ,609,2687,1400,16,6,122.1,167.9,447.8
2026-02-10,ジャグラーガールズ,610,1609,0,7,3,160.9,229.9,536.3
2026-02-10,ジャグラーガールズ,611,3655,400,14,17,117.9,261.1,215.0
2026-02-10,ジャグラーガールズ,612,7631,700,33,23,136.3,231.2,331.8
2026-02-10,戦国乙女4 戦乱に閃く炯眼の軍師,476,1293,800,8,5,99.5,161.6,258.6
2026-02-10,戦国乙女4 戦乱に閃く炯眼の軍師,477,2116,3000,10,8,117.6,211.6,264.5
2026-02-10,戦国乙女4 戦乱に閃く炯眼の軍師,478,0,0,0,0,0.0,0.0,0.0
2026-02-10,戦国乙女4 戦乱に閃く炯眼の軍師,479,0,0,0,0,0.0,0.0,0.0
2026-02-10,鉄拳6,489,1633,2200,16,14,54.4,102.1,116.6
2026-02-10,鉄拳6,490,1588,-2000,4,2,264.7,397.0,794.0
2026-02-10,鉄拳6,491,2764,-2600,10,6,172.8,276.4,460.7
2026-02-10,鉄拳6,492,3179,-3000,11,7,176.6,289.0,454.1
2026-02-10,からくりサーカス,427,173,-200,0,1,173.0,0.0,173.0
2026-02-10,からくりサーカス,428,4322,-4500,19,8,160.1,227.5,540.2
2026-02-10,からくりサーカス,429,181,-100,1,1,90.5,181.0,181.0
2026-02-10,ゴブリンスレイヤーII,430,4487,-1000,27,0,166.2,166.2,0.0
2026-02-10,ゴブリンスレイヤーII,431,3489,-600,20,2,158.6,174.4,1744.5
2026-02-10,ゴブリンスレイヤーII,432,2148,3700,18,2,107.4,119.3,1074.0
2026-02-10,スマスロ炎炎ノ消防隊2,486,7213,5400,66,16,88.0,109.3,450.8
2026-02-10,スマスロ炎炎ノ消防隊2,487,5035,-1900,23,14,136.1,218.9,359.6
2026-02-10,スマスロ炎炎ノ消防隊2,488,5485,-2500,26,12,144.3,211.0,457.1
2026-02-10,スマスロ秘宝伝,473,4623,-2000,16,10,177.8,288.9,462.3
2026-02-10,スマスロ秘宝伝,474,2994,-2300,8,5,230.3,374.2,598.8
2026-02-10,スマスロ秘宝伝,475,1803,-1300,4,6,180.3,450.8,300.5
2026-02-10,モンスターハンターライズ,658,707,2800,27,2,24.4,26.2,353.5
2026-02-10,モンスターハンターライズ,659,873,700,14,3,51.4,62.4,291.0
2026-02-10,モンスターハンターライズ,660,390,-100,4,1,78.0,97.5,390.0
2026-02-10,主役は銭形5,546,1855,3300,19,5,77.3,97.6,371.0
2026-02-10,主役は銭形5,547,2926,-1000,19,11,97.5,154.0,266.0
2026-02-10,主役は銭形5,548,381,5200,13,1,27.2,29.3,381.0
2026-02-10,化物語,483,1113,4100,20,5,44.5,55.6,222.6
2026-02-10,化物語,484,1812,-1100,11,9,90.6,164.7,201.3
2026-02-10,化物語,485,2393,-2100,9,5,170.9,265.9,478.6
2026-02-10,攻殻機動隊,480,3615,-4600,7,15,164.3,516.4,241.0
2026-02-10,攻殻機動隊,481,4335,1400,28,17,96.3,154.8,255.0
2026-02-10,攻殻機動隊,482,2798,-2300,9,11,139.9,310.9,254.4
2026-02-10,スマスロ ハナビ,663,1517,-900,3,2,303.4,505.7,758.5
2026-02-10,スマスロ ハナビ,664,3323,1500,18,4,151.0,184.6,830.8
2026-02-10,ディスクアップ2,597,5689,3500,31,12,132.3,183.5,474.1
2026-02-10,ディスクアップ2,598,4125,0,15,6,196.4,275.0,687.5
2026-02-10,バーサスリヴァイズ,595,1219,-100,5,1,203.2,243.8,1219.0
2026-02-10,バーサスリヴァイズ,596,440,-500,0,1,440.0,0.0,440.0
2026-02-10,新ハナビ,593,4581,1300,20,19,117.5,229.1,241.1
2026-02-10,新ハナビ,594,2086,400,10,1,189.6,208.6,2086.0
2026-02-10,とある科学の超電磁砲2,654,942,6000,16,13,32.5,58.9,72.5
2026-02-10,アズールレーン THE ANIMATION,655,1228,-1400,6,6,102.3,204.7,204.7
2026-02-10,ネオプラネット,656,927,200,4,2,154.5,231.8,463.5
2026-02-10,無職転生 ～異世界行ったら本気だす～,657,4018,-2700,24,17,98.0,167.4,236.4
2026-02-10,クレアの秘宝伝 ～はじまりの扉と太陽の石～ ボーナストリガーver.,661,2813,300,10,7,165.5,281.3,401.9
2026-02-10,アレックス ブライト,662,4531,200,15,13,161.8,302.1,348.5
2026-02-10,スマスロ炎炎ノ消防隊,670,1481,-900,5,3,185.1,296.2,493.7
2026-02-10,七つの魔剣が支配する,671,4440,-2400,50,17,66.3,88.8,261.2
2026-02-10,絶対衝激IV,672,1060,-700,8,8,66.2,132.5,132.5
